filename,class
9890.13_80_drn_f_0000_class2.jpg,2
p2540_98_drn-f_0012_class1.jpg,1
11477.13_96_drn_0005_class1.jpg,1
11477.13_104_drn_final_0034_class1.jpg,1
p2540_98_drn-f_0016_class1.jpg,1
4453.13_102_drn_0001_class2.jpg,2
11477.13_96_drn_0009_class1.jpg,1
6785.13_88_drn_0005_class0.jpg,0
11477.13_104_drn_final_0000_class2.jpg,2
p2540_106_drn-f_0004_class1.jpg,1
6931.12_72_drn-f_0023_class2.jpg,2
p2540_82_drn_0001_class0.jpg,0
p2540_90_drn-f_0009_class0.jpg,0
9890.13_88_drn_f_0005_class2.jpg,2
11477.13_104_drn_final_0025_class1.jpg,1
6931.12_72_drn-f_0018_class2.jpg,2
9777.12_154_drn-f_0004_class1.jpg,1
6785.13_88_drn_0000_class1.jpg,1
11477.13_104_drn_final_0004_class2.jpg,2
4453.13_102_drn_0003_class2.jpg,2
807.13_96_drn-f_0001_class0.jpg,0
807.13_104_drn_f_0001_class1.jpg,1
6785.13_88_drn_0018_class1.jpg,1
3598.14_90_DRN_0003_class0.jpg,0
11477.13_96_drn_0006_class2.jpg,2
4453.13_102_drn_0006_class1.jpg,1
11477.13_104_drn_final_0001_class2.jpg,2
p2540_106_drn-f_0016_class1.jpg,1
11477.13_104_drn_final_0042_class1.jpg,1
8886.13_drn_final_84_0000_class0.jpg,0
11477.13_112_drn_final_0000_class2.jpg,2
p2508_92_drn-f_0000_class2.jpg,2
p2508_92_drn-f_0004_class1.jpg,1
p2540_106_drn-f_0014_class0.jpg,0
11477.13_104_drn_final_0016_class1.jpg,1
6931.12_72_drn-f_0014_class2.jpg,2
p2540_106_drn-f_0017_class0.jpg,0
6931.12_80_drn-f_0000_class2.jpg,2
807.13_96_drn-f_0005_class1.jpg,1
p2540_90_drn-f_0013_class1.jpg,1
p2540_106_drn-f_0007_class0.jpg,0
6785.13_80_drn_0006_class2.jpg,2
807.13_104_drn_f_0002_class2.jpg,2
6931.12_80_drn-f_0005_class2.jpg,2
11477.13_104_drn_final_0068_class1.jpg,1
6785.13_72_drn_0001_class1.jpg,1
8886.13_drn_100_final_0013_class2.jpg,2
3598.14_82_Merged_DRN_0003_class2.jpg,2
3598.14_82_Merged_DRN_0004_class1.jpg,1
11477.13_96_drn_0004_class2.jpg,2
11477.13_96_drn_0000_class0.jpg,0
8886.13_drn_92_0000_class1.jpg,1
p2540_90_drn-f_0002_class0.jpg,0
11477.13_104_drn_final_0032_class2.jpg,2
4453.13_86_drn_0000_class2.jpg,2
p2508_84_drn-f_0000_class2.jpg,2
p2508_84_drn-f_0004_class2.jpg,2
8886.13_drn_100_final_0006_class2.jpg,2
11477.13_104_drn_final_0042_class2.jpg,2
807.13_88_drn_0001_class1.jpg,1
6785.13_88_drn_0015_class1.jpg,1
4453.13_94_drn_0001_class2.jpg,2
11477.13_104_drn_final_0021_class1.jpg,1
11477.13_96_drn_0010_class1.jpg,1
9777.12_146_drn-f_0000_class1.jpg,1
6931.12_72_drn-f_0006_class0.jpg,0
p2508_92_drn-f_0007_class1.jpg,1
11477.13_104_drn_final_0003_class1.jpg,1
p2540_106_drn-f_0001_class1.jpg,1
p2540_90_drn-f_0009_class2.jpg,2
11477.13_104_drn_final_0036_class1.jpg,1
11477.13_104_drn_final_0024_class2.jpg,2
6785.13_72_drn_0001_class0.jpg,0
807.13_96_drn-f_0003_class2.jpg,2
p2540_90_drn-f_0011_class1.jpg,1
p2540_90_drn-f_0007_class2.jpg,2
3598.14_90_DRN_0001_class0.jpg,0
8886.13_drn_100_final_0015_class0.jpg,0
11477.13_96_drn_0003_class2.jpg,2
11477.13_104_drn_final_0006_class2.jpg,2
4453.13_94_drn_0004_class1.jpg,1
3598.14_74_Merged_DRN_0013_class1.jpg,1
3598.14_74_Merged_DRN_0006_class0.jpg,0
p2540_98_drn-f_0010_class0.jpg,0
6931.12_80_drn-f_0006_class2.jpg,2
4453.13_102_drn_0003_class1.jpg,1
11477.13_104_drn_final_0008_class0.jpg,0
6931.12_72_drn-f_0002_class2.jpg,2
8886.13_drn_92_0000_class2.jpg,2
p2540_82_drn_0003_class2.jpg,2
p2540_98_drn-f_0008_class0.jpg,0
11477.13_104_drn_final_0019_class1.jpg,1
4453.13_86_drn_0001_class1.jpg,1
p2540_90_drn-f_0010_class1.jpg,1
11477.13_96_drn_0016_class2.jpg,2
6785.13_88_drn_0006_class2.jpg,2
9890.13_88_drn_f_0003_class2.jpg,2
4453.13_94_drn_0002_class2.jpg,2
9777.12_146_drn-f_0001_class1.jpg,1
11477.13_96_drn_0002_class0.jpg,0
9777.12_146_drn-f_0004_class2.jpg,2
6785.13_72_drn_0000_class0.jpg,0
6785.13_72_drn_0002_class1.jpg,1
p2540_98_drn-f_0004_class1.jpg,1
4453.13_94_drn_0002_class1.jpg,1
11477.13_96_drn_0024_class2.jpg,2
807.13_88_drn_0002_class1.jpg,1
p2540_98_drn-f_0001_class0.jpg,0
3598.14_90_DRN_0005_class0.jpg,0
p2540_90_drn-f_0001_class2.jpg,2
807.13_96_drn-f_0001_class2.jpg,2
3598.14_74_Merged_DRN_0007_class0.jpg,0
11477.13_104_drn_final_0031_class1.jpg,1
9777.12_154_drn-f_0001_class1.jpg,1
11477.13_104_drn_final_0002_class1.jpg,1
p2540_98_drn-f_0014_class1.jpg,1
8886.13_drn_108_0001_class1.jpg,1
11477.13_104_drn_final_0043_class1.jpg,1
3598.14_74_Merged_DRN_0000_class2.jpg,2
6785.13_72_drn_0004_class1.jpg,1
11477.13_104_drn_final_0041_class1.jpg,1
p2540_106_drn-f_0011_class1.jpg,1
11477.13_104_drn_final_0010_class2.jpg,2
4453.13_102_drn_0008_class1.jpg,1
p2540_106_drn-f_0012_class1.jpg,1
8886.13_drn_100_final_0012_class1.jpg,1
p2540_90_drn-f_0007_class0.jpg,0
11477.13_104_drn_final_0008_class2.jpg,2
3598.14_82_Merged_DRN_0002_class2.jpg,2
807.13_96_drn-f_0001_class1.jpg,1
9777.12_154_drn-f_0000_class1.jpg,1
8886.13_drn_100_final_0013_class1.jpg,1
8886.13_drn_100_final_0015_class2.jpg,2
3598.14_82_Merged_DRN_0007_class1.jpg,1
6931.12_72_drn-f_0000_class0.jpg,0
p2540_98_drn-f_0011_class0.jpg,0
6785.13_88_drn_0023_class1.jpg,1
4453.13_94_drn_0000_class2.jpg,2
9777.12_154_drn-f_0007_class0.jpg,0
p2540_90_drn-f_0007_class1.jpg,1
11477.13_104_drn_final_0009_class2.jpg,2
p2540_90_drn-f_0013_class2.jpg,2
11477.13_104_drn_final_0005_class1.jpg,1
4453.13_102_drn_0000_class0.jpg,0
p2508_92_drn-f_0007_class0.jpg,0
3598.14_82_Merged_DRN_0001_class0.jpg,0
11477.13_96_drn_0023_class2.jpg,2
p2508_92_drn-f_0002_class0.jpg,0
11477.13_104_drn_final_0037_class2.jpg,2
p2540_90_drn-f_0019_class2.jpg,2
p2540_106_drn-f_0004_class0.jpg,0
6931.12_72_drn-f_0008_class2.jpg,2
6931.12_80_drn-f_0012_class2.jpg,2
p2508_92_drn-f_0018_class0.jpg,0
6931.12_72_drn-f_0026_class2.jpg,2
p2540_90_drn-f_0024_class2.jpg,2
8886.13_drn_100_final_0009_class1.jpg,1
6785.13_88_drn_0008_class0.jpg,0
11477.13_104_drn_final_0038_class2.jpg,2
p2508_84_drn-f_0003_class2.jpg,2
807.13_104_drn_f_0002_class1.jpg,1
p2540_106_drn-f_0013_class0.jpg,0
11477.13_104_drn_final_0002_class2.jpg,2
11477.13_104_drn_final_0003_class0.jpg,0
8886.13_drn_100_final_0019_class1.jpg,1
p2540_90_drn-f_0014_class2.jpg,2
6785.13_88_drn_0001_class0.jpg,0
3598.14_90_DRN_0004_class2.jpg,2
p2508_92_drn-f_0001_class1.jpg,1
p2540_106_drn-f_0009_class1.jpg,1
4453.13_86_drn_0004_class2.jpg,2
p2540_82_drn_0005_class1.jpg,1
11477.13_104_drn_final_0047_class1.jpg,1
p2540_106_drn-f_0001_class0.jpg,0
11477.13_104_drn_final_0070_class1.jpg,1
p2540_106_drn-f_0000_class1.jpg,1
9890.13_80_drn_f_0002_class2.jpg,2
8886.13_drn_108_0004_class2.jpg,2
p2508_84_drn-f_0002_class1.jpg,1
807.13_104_drn_f_0004_class2.jpg,2
6785.13_88_drn_0028_class1.jpg,1
8886.13_drn_100_final_0011_class1.jpg,1
p2540_106_drn-f_0009_class0.jpg,0
p2540_90_drn-f_0020_class2.jpg,2
6785.13_72_drn_0003_class2.jpg,2
6931.12_72_drn-f_0006_class2.jpg,2
9777.12_146_drn-f_0001_class0.jpg,0
6785.13_72_drn_0000_class2.jpg,2
807.13_104_drn_f_0000_class2.jpg,2
11477.13_104_drn_final_0004_class0.jpg,0
4453.13_102_drn_0000_class1.jpg,1
p2540_90_drn-f_0025_class2.jpg,2
3598.14_90_DRN_0010_class1.jpg,1
8886.13_drn_100_final_0014_class2.jpg,2
9890.13_88_drn_f_0001_class2.jpg,2
p2540_82_drn_0004_class1.jpg,1
9777.12_154_drn-f_0001_class0.jpg,0
11477.13_104_drn_final_0007_class2.jpg,2
11477.13_96_drn_0015_class1.jpg,1
6785.13_88_drn_0003_class1.jpg,1
807.13_104_drn_f_0006_class2.jpg,2
11477.13_104_drn_final_0028_class1.jpg,1
11477.13_112_drn_final_0003_class2.jpg,2
6931.12_88_drn-f_0000_class2.jpg,2
6785.13_80_drn_0002_class2.jpg,2
9777.12_138_drn-f_0002_class1.jpg,1
6785.13_88_drn_0014_class2.jpg,2
11477.13_104_drn_final_0064_class1.jpg,1
p2540_82_drn_0002_class2.jpg,2
6931.12_72_drn-f_0008_class0.jpg,0
p2540_106_drn-f_0008_class0.jpg,0
11477.13_104_drn_final_0059_class1.jpg,1
p2540_90_drn-f_0002_class1.jpg,1
8886.13_drn_92_0001_class2.jpg,2
8886.13_drn_100_final_0002_class0.jpg,0
807.13_104_drn_f_0007_class2.jpg,2
p2540_82_drn_0004_class2.jpg,2
3598.14_74_Merged_DRN_0000_class1.jpg,1
6785.13_88_drn_0000_class0.jpg,0
6931.12_80_drn-f_0003_class2.jpg,2
11477.13_104_drn_final_0007_class1.jpg,1
6931.12_80_drn-f_0010_class2.jpg,2
p2540_82_drn_0001_class2.jpg,2
p2508_92_drn-f_0012_class0.jpg,0
8886.13_drn_108_0002_class2.jpg,2
9890.13_88_drn_f_0001_class1.jpg,1
p2540_106_drn-f_0006_class0.jpg,0
p2540_98_drn-f_0007_class1.jpg,1
6785.13_72_drn_0005_class1.jpg,1
6931.12_80_drn-f_0007_class2.jpg,2
8886.13_drn_100_final_0005_class0.jpg,0
3598.14_74_Merged_DRN_0002_class2.jpg,2
807.13_104_drn_f_0005_class2.jpg,2
3598.14_82_Merged_DRN_0001_class1.jpg,1
3598.14_82_Merged_DRN_0002_class1.jpg,1
11477.13_104_drn_final_0040_class1.jpg,1
9777.12_154_drn-f_0003_class0.jpg,0
8886.13_drn_100_final_0005_class1.jpg,1
4453.13_102_drn_0007_class2.jpg,2
p2540_98_drn-f_0003_class0.jpg,0
p2540_98_drn-f_0001_class1.jpg,1
6931.12_72_drn-f_0001_class2.jpg,2
3598.14_90_DRN_0012_class1.jpg,1
3598.14_82_Merged_DRN_0000_class0.jpg,0
3598.14_90_DRN_0005_class1.jpg,1
p2540_98_drn-f_0007_class0.jpg,0
3598.14_74_Merged_DRN_0007_class1.jpg,1
807.13_80_drn_final_0000_class2.jpg,2
9777.12_162_drn-f_0003_class2.jpg,2
6785.13_88_drn_0009_class1.jpg,1
p2540_98_drn-f_0003_class2.jpg,2
6931.12_72_drn-f_0012_class2.jpg,2
8886.13_drn_100_final_0008_class2.jpg,2
11477.13_96_drn_0015_class2.jpg,2
p2540_90_drn-f_0008_class1.jpg,1
p2540_98_drn-f_0006_class2.jpg,2
p2508_92_drn-f_0009_class1.jpg,1
p2540_98_drn-f_0006_class1.jpg,1
p2540_98_drn-f_0012_class0.jpg,0
11477.13_96_drn_0009_class2.jpg,2
p2508_92_drn-f_0011_class0.jpg,0
p2540_90_drn-f_0006_class1.jpg,1
p2540_90_drn-f_0017_class2.jpg,2
4453.13_102_drn_0005_class1.jpg,1
p2540_106_drn-f_0019_class1.jpg,1
8886.13_drn_100_final_0003_class1.jpg,1
p2540_98_drn-f_0000_class0.jpg,0
3598.14_74_Merged_DRN_0001_class1.jpg,1
3598.14_90_DRN_0003_class2.jpg,2
8886.13_drn_100_final_0013_class0.jpg,0
p2508_92_drn-f_0008_class0.jpg,0
11477.13_104_drn_final_0055_class1.jpg,1
p2540_90_drn-f_0023_class2.jpg,2
6785.13_88_drn_0033_class1.jpg,1
11477.13_104_drn_final_0033_class1.jpg,1
6785.13_88_drn_0015_class2.jpg,2
3598.14_90_DRN_0014_class1.jpg,1
11477.13_104_drn_final_0011_class2.jpg,2
p2540_106_drn-f_0015_class1.jpg,1
9777.12_162_drn-f_0002_class2.jpg,2
8886.13_drn_100_final_0014_class1.jpg,1
6785.13_88_drn_0002_class1.jpg,1
6785.13_88_drn_0020_class1.jpg,1
8886.13_drn_100_final_0004_class1.jpg,1
9777.12_162_drn-f_0000_class2.jpg,2
8886.13_drn_final_84_0000_class1.jpg,1
9890.13_80_drn_f_0001_class2.jpg,2
p2540_90_drn-f_0004_class2.jpg,2
11477.13_96_drn_0002_class1.jpg,1
9890.13_64_drn_2_final_0001_class1.jpg,1
8886.13_drn_100_final_0011_class0.jpg,0
8886.13_drn_100_final_0010_class0.jpg,0
p2540_90_drn-f_0000_class2.jpg,2
p2540_90_drn-f_0008_class2.jpg,2
6785.13_80_drn_0001_class2.jpg,2
6931.12_80_drn-f_0001_class2.jpg,2
3598.14_74_Merged_DRN_0007_class2.jpg,2
9777.12_146_drn-f_0002_class2.jpg,2
p2508_92_drn-f_0015_class0.jpg,0
p2540_98_drn-f_0009_class1.jpg,1
11477.13_104_drn_final_0040_class2.jpg,2
3598.14_74_Merged_DRN_0011_class1.jpg,1
6785.13_88_drn_0031_class1.jpg,1
11477.13_96_drn_0012_class1.jpg,1
6931.12_72_drn-f_0016_class2.jpg,2
4453.13_86_drn_0005_class2.jpg,2
11477.13_104_drn_final_0016_class2.jpg,2
11477.13_96_drn_0017_class2.jpg,2
6785.13_88_drn_0034_class1.jpg,1
6785.13_88_drn_0029_class1.jpg,1
11477.13_104_drn_final_0006_class0.jpg,0
11477.13_104_drn_final_0067_class1.jpg,1
9777.12_138_drn-f_0001_class1.jpg,1
6931.12_80_drn-f_0000_class0.jpg,0
p2508_92_drn-f_0013_class0.jpg,0
p2508_92_drn-f_0007_class2.jpg,2
8886.13_drn_108_0000_class1.jpg,1
p2540_82_drn_0000_class1.jpg,1
3598.14_82_Merged_DRN_0003_class1.jpg,1
p2540_106_drn-f_0017_class1.jpg,1
9890.13_88_drn_f_0002_class1.jpg,1
p2540_98_drn-f_0013_class1.jpg,1
p2540_90_drn-f_0003_class2.jpg,2
p2540_98_drn-f_0009_class2.jpg,2
4453.13_86_drn_0002_class2.jpg,2
11477.13_104_drn_final_0023_class1.jpg,1
6785.13_88_drn_0000_class2.jpg,2
3598.14_82_Merged_DRN_0001_class2.jpg,2
9890.13_72_drn_final_0000_class2.jpg,2
4453.13_102_drn_0001_class1.jpg,1
11477.13_104_drn_final_0058_class1.jpg,1
11477.13_104_drn_final_0071_class1.jpg,1
11477.13_104_drn_final_0027_class1.jpg,1
6785.13_88_drn_0021_class1.jpg,1
4453.13_94_drn_0003_class1.jpg,1
8886.13_drn_108_0000_class2.jpg,2
11477.13_104_drn_final_0018_class1.jpg,1
6931.12_72_drn-f_0001_class0.jpg,0
8886.13_drn_100_final_0016_class0.jpg,0
p2540_98_drn-f_0002_class2.jpg,2
p2540_90_drn-f_0015_class2.jpg,2
9890.13_72_drn_final_0003_class2.jpg,2
11477.13_104_drn_final_0044_class1.jpg,1
9890.13_64_drn_2_final_0000_class1.jpg,1
p2540_106_drn-f_0019_class0.jpg,0
p2540_90_drn-f_0012_class2.jpg,2
6785.13_88_drn_0005_class1.jpg,1
p2508_92_drn-f_0014_class0.jpg,0
p2540_106_drn-f_0021_class0.jpg,0
6785.13_88_drn_0017_class1.jpg,1
8886.13_drn_92_0003_class1.jpg,1
6931.12_80_drn-f_0008_class2.jpg,2
6931.12_72_drn-f_0010_class2.jpg,2
p2540_90_drn-f_0005_class2.jpg,2
9777.12_146_drn-f_0001_class2.jpg,2
11477.13_104_drn_final_0026_class1.jpg,1
807.13_88_drn_0001_class2.jpg,2
p2540_74_drn_0002_class0.jpg,0
p2540_82_drn_0001_class1.jpg,1
8886.13_drn_92_0002_class1.jpg,1
3598.14_74_Merged_DRN_0002_class0.jpg,0
6785.13_88_drn_0008_class1.jpg,1
6785.13_88_drn_0001_class2.jpg,2
8886.13_drn_100_final_0000_class2.jpg,2
11477.13_104_drn_final_0065_class1.jpg,1
p2540_90_drn-f_0011_class2.jpg,2
p2540_90_drn-f_0003_class0.jpg,0
11477.13_104_drn_final_0048_class1.jpg,1
8886.13_drn_100_final_0007_class2.jpg,2
6931.12_72_drn-f_0022_class2.jpg,2
p2508_92_drn-f_0017_class0.jpg,0
11477.13_96_drn_0018_class2.jpg,2
p2540_106_drn-f_0016_class0.jpg,0
p2540_98_drn-f_0013_class0.jpg,0
9890.13_56_drn_final_0000_class2.jpg,2
p2540_74_drn_0000_class2.jpg,2
p2540_98_drn-f_0004_class2.jpg,2
p2508_92_drn-f_0003_class0.jpg,0
9777.12_162_drn-f_0000_class0.jpg,0
8886.13_drn_100_final_0011_class2.jpg,2
p2540_106_drn-f_0002_class0.jpg,0
807.13_96_drn-f_0004_class2.jpg,2
8886.13_drn_100_final_0000_class1.jpg,1
11477.13_104_drn_final_0012_class1.jpg,1
4453.13_102_drn_0009_class1.jpg,1
p2540_98_drn-f_0001_class2.jpg,2
4453.13_102_drn_0006_class2.jpg,2
8886.13_drn_100_final_0014_class0.jpg,0
807.13_96_drn-f_0002_class2.jpg,2
6785.13_88_drn_0001_class1.jpg,1
6785.13_88_drn_0010_class2.jpg,2
4453.13_86_drn_0000_class0.jpg,0
6785.13_80_drn_0000_class2.jpg,2
11477.13_104_drn_final_0056_class1.jpg,1
6785.13_88_drn_0003_class2.jpg,2
8886.13_drn_100_final_0022_class1.jpg,1
3598.14_74_Merged_DRN_0010_class1.jpg,1
6785.13_88_drn_0011_class1.jpg,1
8886.13_drn_100_final_0015_class1.jpg,1
p2540_90_drn-f_0001_class0.jpg,0
6931.12_72_drn-f_0004_class2.jpg,2
p2508_92_drn-f_0005_class1.jpg,1
11477.13_104_drn_final_0037_class1.jpg,1
p2508_84_drn-f_0001_class2.jpg,2
4453.13_94_drn_0006_class1.jpg,1
p2540_106_drn-f_0013_class1.jpg,1
11477.13_104_drn_final_0050_class1.jpg,1
3598.14_74_Merged_DRN_0012_class1.jpg,1
6931.12_72_drn-f_0015_class2.jpg,2
6931.12_88_drn-f_0002_class2.jpg,2
11477.13_104_drn_final_0001_class0.jpg,0
11477.13_104_drn_final_0009_class0.jpg,0
3598.14_90_DRN_0004_class1.jpg,1
p2540_106_drn-f_0011_class0.jpg,0
p2508_92_drn-f_0003_class1.jpg,1
11477.13_96_drn_0007_class2.jpg,2
11477.13_104_drn_final_0005_class0.jpg,0
11477.13_104_drn_final_0039_class1.jpg,1
6785.13_88_drn_0004_class2.jpg,2
3598.14_74_Merged_DRN_0006_class1.jpg,1
3598.14_74_Merged_DRN_0004_class2.jpg,2
6785.13_88_drn_0013_class1.jpg,1
6785.13_88_drn_0007_class1.jpg,1
11477.13_104_drn_final_0010_class0.jpg,0
8886.13_drn_100_final_0001_class0.jpg,0
11477.13_104_drn_final_0029_class1.jpg,1
9890.13_88_drn_f_0007_class2.jpg,2
p2508_84_drn-f_0003_class1.jpg,1
11477.13_104_drn_final_0018_class2.jpg,2
8886.13_drn_100_final_0000_class0.jpg,0
9777.12_154_drn-f_0004_class0.jpg,0
p2540_106_drn-f_0010_class0.jpg,0
11477.13_104_drn_final_0046_class1.jpg,1
4453.13_86_drn_0000_class1.jpg,1
11477.13_104_drn_final_0036_class2.jpg,2
p2540_98_drn-f_0004_class0.jpg,0
8886.13_drn_100_final_0008_class0.jpg,0
3598.14_90_DRN_0002_class0.jpg,0
p2508_92_drn-f_0004_class2.jpg,2
6785.13_88_drn_0007_class0.jpg,0
8886.13_drn_final_84_0001_class2.jpg,2
11477.13_96_drn_0010_class2.jpg,2
11477.13_104_drn_final_0007_class0.jpg,0
807.13_88_drn_0000_class0.jpg,0
9890.13_88_drn_f_0000_class0.jpg,0
p2508_92_drn-f_0003_class2.jpg,2
6931.12_72_drn-f_0003_class1.jpg,1
11477.13_104_drn_final_0028_class2.jpg,2
3598.14_90_DRN_0000_class2.jpg,2
6785.13_88_drn_0006_class1.jpg,1
p2540_106_drn-f_0014_class1.jpg,1
p2540_106_drn-f_0022_class0.jpg,0
11477.13_96_drn_0011_class1.jpg,1
11477.13_96_drn_0021_class2.jpg,2
p2508_92_drn-f_0000_class0.jpg,0
9777.12_138_drn-f_0000_class0.jpg,0
9890.13_88_drn_f_0000_class2.jpg,2
11477.13_104_drn_final_0012_class0.jpg,0
p2508_92_drn-f_0001_class2.jpg,2
p2540_90_drn-f_0000_class1.jpg,1
11477.13_104_drn_final_0062_class1.jpg,1
3598.14_90_DRN_0009_class1.jpg,1
11477.13_104_drn_final_0035_class2.jpg,2
4453.13_102_drn_0010_class1.jpg,1
p2540_74_drn_0003_class0.jpg,0
p2508_92_drn-f_0004_class0.jpg,0
6785.13_88_drn_0004_class0.jpg,0
8886.13_drn_final_84_0001_class1.jpg,1
p2540_106_drn-f_0000_class0.jpg,0
6931.12_80_drn-f_0000_class1.jpg,1
p2540_90_drn-f_0006_class2.jpg,2
6931.12_72_drn-f_0019_class2.jpg,2
3598.14_90_DRN_0000_class0.jpg,0
11477.13_104_drn_final_0025_class2.jpg,2
6785.13_80_drn_0007_class2.jpg,2
11477.13_112_drn_final_0001_class2.jpg,2
11477.13_96_drn_0000_class2.jpg,2
11477.13_104_drn_final_0017_class1.jpg,1
9777.12_154_drn-f_0002_class1.jpg,1
p2540_106_drn-f_0018_class1.jpg,1
3598.14_90_DRN_0006_class1.jpg,1
11477.13_96_drn_0013_class1.jpg,1
3598.14_90_DRN_0005_class2.jpg,2
11477.13_96_drn_0003_class1.jpg,1
6931.12_72_drn-f_0000_class1.jpg,1
p2540_106_drn-f_0010_class1.jpg,1
11477.13_104_drn_final_0005_class2.jpg,2
3598.14_90_DRN_0004_class0.jpg,0
p2540_98_drn-f_0005_class2.jpg,2
9890.13_88_drn_f_0008_class2.jpg,2
11477.13_96_drn_0004_class1.jpg,1
11477.13_104_drn_final_0015_class2.jpg,2
9777.12_162_drn-f_0000_class1.jpg,1
807.13_104_drn_f_0001_class2.jpg,2
p2508_92_drn-f_0000_class1.jpg,1
9890.13_88_drn_f_0006_class2.jpg,2
11477.13_104_drn_final_0045_class1.jpg,1
p2540_106_drn-f_0008_class1.jpg,1
6785.13_88_drn_0026_class1.jpg,1
8886.13_drn_100_final_0002_class1.jpg,1
6785.13_88_drn_0003_class0.jpg,0
11477.13_104_drn_final_0023_class2.jpg,2
6931.12_72_drn-f_0003_class2.jpg,2
9890.13_88_drn_f_0003_class0.jpg,0
6931.12_72_drn-f_0003_class0.jpg,0
8886.13_drn_92_0002_class2.jpg,2
807.13_104_drn_f_0003_class2.jpg,2
6931.12_72_drn-f_0005_class0.jpg,0
9890.13_88_drn_f_0001_class0.jpg,0
11477.13_96_drn_0001_class1.jpg,1
8886.13_drn_100_final_0001_class1.jpg,1
4453.13_94_drn_0005_class1.jpg,1
11477.13_104_drn_final_0020_class2.jpg,2
11477.13_104_drn_final_0034_class2.jpg,2
11477.13_104_drn_final_0004_class1.jpg,1
11477.13_96_drn_0000_class1.jpg,1
11477.13_96_drn_0006_class1.jpg,1
11477.13_96_drn_0008_class1.jpg,1
4453.13_102_drn_0002_class1.jpg,1
p2540_74_drn_0001_class0.jpg,0
p2540_98_drn-f_0005_class1.jpg,1
p2540_98_drn-f_0003_class1.jpg,1
p2540_90_drn-f_0010_class2.jpg,2
8886.13_drn_100_final_0008_class1.jpg,1
8886.13_drn_100_final_0005_class2.jpg,2
8886.13_drn_100_final_0010_class2.jpg,2
p2540_98_drn-f_0017_class1.jpg,1
9777.12_146_drn-f_0003_class2.jpg,2
6931.12_72_drn-f_0020_class2.jpg,2
3598.14_90_DRN_0008_class1.jpg,1
3598.14_90_DRN_0002_class2.jpg,2
6931.12_72_drn-f_0017_class2.jpg,2
3598.14_74_Merged_DRN_0002_class1.jpg,1
p2540_90_drn-f_0022_class2.jpg,2
11477.13_104_drn_final_0038_class1.jpg,1
6785.13_88_drn_0025_class1.jpg,1
11477.13_104_drn_final_0002_class0.jpg,0
p2540_98_drn-f_0000_class1.jpg,1
11477.13_96_drn_0001_class0.jpg,0
p2540_98_drn-f_0007_class2.jpg,2
6931.12_72_drn-f_0021_class2.jpg,2
p2540_106_drn-f_0020_class0.jpg,0
11477.13_104_drn_final_0060_class1.jpg,1
807.13_88_drn_0000_class2.jpg,2
p2540_106_drn-f_0003_class1.jpg,1
p2508_92_drn-f_0002_class2.jpg,2
3598.14_74_Merged_DRN_0004_class0.jpg,0
3598.14_90_DRN_0013_class1.jpg,1
p2540_98_drn-f_0006_class0.jpg,0
6931.12_72_drn-f_0013_class2.jpg,2
3598.14_82_Merged_DRN_0008_class1.jpg,1
4453.13_102_drn_0011_class1.jpg,1
p2540_90_drn-f_0026_class2.jpg,2
3598.14_74_Merged_DRN_0003_class0.jpg,0
p2540_98_drn-f_0000_class2.jpg,2
9890.13_72_drn_final_0000_class0.jpg,0
9890.13_72_drn_final_0002_class2.jpg,2
3598.14_74_Merged_DRN_0006_class2.jpg,2
8886.13_drn_92_0001_class1.jpg,1
p2540_98_drn-f_0011_class1.jpg,1
6931.12_88_drn-f_0003_class2.jpg,2
p2508_92_drn-f_0008_class1.jpg,1
p2540_74_drn_0005_class0.jpg,0
4453.13_102_drn_0001_class0.jpg,0
3598.14_82_Merged_DRN_0005_class1.jpg,1
6785.13_88_drn_0012_class1.jpg,1
p2540_90_drn-f_0012_class1.jpg,1
11477.13_104_drn_final_0022_class1.jpg,1
p2540_106_drn-f_0007_class1.jpg,1
11477.13_96_drn_0019_class2.jpg,2
p2508_84_drn-f_0002_class2.jpg,2
p2540_82_drn_0003_class1.jpg,1
6785.13_88_drn_0007_class2.jpg,2
9777.12_162_drn-f_0001_class0.jpg,0
p2540_90_drn-f_0008_class0.jpg,0
11477.13_104_drn_final_0024_class1.jpg,1
11477.13_104_drn_final_0061_class1.jpg,1
3598.14_74_Merged_DRN_0005_class0.jpg,0
9890.13_88_drn_f_0000_class1.jpg,1
p2540_106_drn-f_0015_class0.jpg,0
9777.12_146_drn-f_0000_class0.jpg,0
9777.12_154_drn-f_0002_class0.jpg,0
9777.12_154_drn-f_0009_class0.jpg,0
9777.12_162_drn-f_0001_class1.jpg,1
6931.12_72_drn-f_0011_class2.jpg,2
8886.13_drn_100_final_0018_class1.jpg,1
6931.12_80_drn-f_0011_class2.jpg,2
11477.13_104_drn_final_0073_class1.jpg,1
p2540_90_drn-f_0016_class2.jpg,2
8886.13_drn_100_final_0010_class1.jpg,1
11477.13_104_drn_final_0014_class2.jpg,2
p2540_90_drn-f_0005_class1.jpg,1
3598.14_90_DRN_0007_class1.jpg,1
p2540_98_drn-f_0018_class1.jpg,1
3598.14_74_Merged_DRN_0005_class2.jpg,2
6931.12_72_drn-f_0007_class0.jpg,0
p2540_90_drn-f_0004_class1.jpg,1
6785.13_88_drn_0016_class1.jpg,1
4453.13_102_drn_0004_class0.jpg,0
6785.13_88_drn_0019_class1.jpg,1
p2540_74_drn_0000_class0.jpg,0
3598.14_74_Merged_DRN_0001_class2.jpg,2
p2540_98_drn-f_0008_class2.jpg,2
6931.12_80_drn-f_0002_class2.jpg,2
11477.13_112_drn_final_0002_class2.jpg,2
p2540_82_drn_0002_class1.jpg,1
11477.13_104_drn_final_0072_class1.jpg,1
11477.13_104_drn_final_0026_class2.jpg,2
6785.13_88_drn_0005_class2.jpg,2
9777.12_138_drn-f_0000_class1.jpg,1
6785.13_88_drn_0032_class1.jpg,1
9777.12_154_drn-f_0003_class1.jpg,1
6785.13_88_drn_0010_class1.jpg,1
4453.13_102_drn_0003_class0.jpg,0
807.13_88_drn_0002_class2.jpg,2
p2508_92_drn-f_0010_class0.jpg,0
6931.12_72_drn-f_0007_class2.jpg,2
6785.13_88_drn_0013_class2.jpg,2
11477.13_104_drn_final_0009_class1.jpg,1
p2508_84_drn-f_0006_class2.jpg,2
p2540_106_drn-f_0012_class0.jpg,0
11477.13_96_drn_0007_class1.jpg,1
6931.12_72_drn-f_0002_class1.jpg,1
11477.13_104_drn_final_0054_class1.jpg,1
11477.13_104_drn_final_0030_class2.jpg,2
11477.13_96_drn_0005_class2.jpg,2
11477.13_104_drn_final_0031_class2.jpg,2
11477.13_104_drn_final_0051_class1.jpg,1
p2540_82_drn_0002_class0.jpg,0
4453.13_94_drn_0007_class1.jpg,1
p2540_98_drn-f_0015_class1.jpg,1
p2508_92_drn-f_0005_class2.jpg,2
11477.13_104_drn_final_0057_class1.jpg,1
p2508_92_drn-f_0006_class2.jpg,2
3598.14_90_DRN_0002_class1.jpg,1
p2540_90_drn-f_0005_class0.jpg,0
6785.13_88_drn_0009_class2.jpg,2
6785.13_72_drn_0000_class1.jpg,1
11477.13_104_drn_final_0039_class2.jpg,2
4453.13_86_drn_0003_class2.jpg,2
6931.12_88_drn-f_0001_class2.jpg,2
4453.13_86_drn_0006_class2.jpg,2
8886.13_drn_108_0001_class2.jpg,2
p2540_106_drn-f_0005_class1.jpg,1
9777.12_162_drn-f_0001_class2.jpg,2
9777.12_162_drn-f_0005_class2.jpg,2
11477.13_96_drn_0014_class2.jpg,2
8886.13_drn_100_final_0020_class1.jpg,1
p2508_84_drn-f_0001_class1.jpg,1
3598.14_74_Merged_DRN_0008_class1.jpg,1
9777.12_154_drn-f_0000_class0.jpg,0
11477.13_104_drn_final_0000_class0.jpg,0
8886.13_drn_100_final_0017_class0.jpg,0
8886.13_drn_100_final_0017_class1.jpg,1
4453.13_94_drn_0001_class1.jpg,1
8886.13_drn_108_0005_class2.jpg,2
8886.13_drn_100_final_0021_class1.jpg,1
11477.13_96_drn_0022_class2.jpg,2
11477.13_104_drn_final_0063_class1.jpg,1
3598.14_90_DRN_0011_class1.jpg,1
9890.13_88_drn_f_0002_class0.jpg,0
6931.12_80_drn-f_0013_class2.jpg,2
4453.13_102_drn_0005_class2.jpg,2
p2540_82_drn_0003_class0.jpg,0
11477.13_96_drn_0020_class2.jpg,2
p2540_90_drn-f_0004_class0.jpg,0
11477.13_104_drn_final_0014_class1.jpg,1
3598.14_74_Merged_DRN_0001_class0.jpg,0
p2508_84_drn-f_0000_class1.jpg,1
8886.13_drn_100_final_0009_class2.jpg,2
3598.14_90_DRN_0001_class1.jpg,1
9890.13_88_drn_f_0002_class2.jpg,2
p2540_82_drn_0004_class0.jpg,0
p2540_90_drn-f_0001_class1.jpg,1
4453.13_94_drn_0003_class2.jpg,2
8886.13_drn_100_final_0004_class0.jpg,0
3598.14_74_Merged_DRN_0009_class1.jpg,1
p2540_90_drn-f_0002_class2.jpg,2
9777.12_154_drn-f_0008_class0.jpg,0
11477.13_96_drn_0013_class2.jpg,2
11477.13_104_drn_final_0027_class2.jpg,2
6785.13_72_drn_0001_class2.jpg,2
6785.13_88_drn_0022_class1.jpg,1
p2540_106_drn-f_0003_class0.jpg,0
11477.13_104_drn_final_0010_class1.jpg,1
6785.13_80_drn_0003_class2.jpg,2
11477.13_104_drn_final_0033_class2.jpg,2
11477.13_104_drn_final_0035_class1.jpg,1
6785.13_88_drn_0011_class2.jpg,2
3598.14_90_DRN_0003_class1.jpg,1
p2540_82_drn_0000_class0.jpg,0
6785.13_80_drn_0004_class2.jpg,2
3598.14_74_Merged_DRN_0003_class2.jpg,2
8886.13_drn_100_final_0007_class1.jpg,1
p2508_92_drn-f_0009_class0.jpg,0
11477.13_104_drn_final_0066_class1.jpg,1
p2508_92_drn-f_0006_class0.jpg,0
3598.14_82_Merged_DRN_0000_class2.jpg,2
11477.13_104_drn_final_0011_class1.jpg,1
6931.12_72_drn-f_0009_class2.jpg,2
6785.13_80_drn_0008_class2.jpg,2
8886.13_drn_100_final_0003_class0.jpg,0
p2540_90_drn-f_0010_class0.jpg,0
11477.13_96_drn_0014_class1.jpg,1
9777.12_146_drn-f_0000_class2.jpg,2
8886.13_drn_100_final_0006_class1.jpg,1
4453.13_102_drn_0007_class1.jpg,1
3598.14_74_Merged_DRN_0004_class1.jpg,1
11477.13_104_drn_final_0017_class2.jpg,2
p2540_98_drn-f_0010_class1.jpg,1
3598.14_74_Merged_DRN_0000_class0.jpg,0
8886.13_drn_108_0003_class2.jpg,2
4453.13_102_drn_0002_class2.jpg,2
8886.13_drn_100_final_0012_class0.jpg,0
8886.13_drn_100_final_0023_class1.jpg,1
8886.13_drn_100_final_0004_class2.jpg,2
11477.13_104_drn_final_0029_class2.jpg,2
6931.12_80_drn-f_0004_class2.jpg,2
8886.13_drn_100_final_0016_class1.jpg,1
6785.13_88_drn_0012_class2.jpg,2
8886.13_drn_100_final_0012_class2.jpg,2
p2540_74_drn_0001_class2.jpg,2
6931.12_72_drn-f_0024_class2.jpg,2
6785.13_88_drn_0024_class1.jpg,1
6785.13_72_drn_0005_class2.jpg,2
11477.13_104_drn_final_0032_class1.jpg,1
p2508_92_drn-f_0001_class0.jpg,0
11477.13_96_drn_0008_class2.jpg,2
9890.13_88_drn_f_0004_class2.jpg,2
p2508_92_drn-f_0006_class1.jpg,1
4453.13_102_drn_0012_class1.jpg,1
6785.13_88_drn_0008_class2.jpg,2
11477.13_104_drn_final_0053_class1.jpg,1
p2540_90_drn-f_0009_class1.jpg,1
11477.13_104_drn_final_0003_class2.jpg,2
4453.13_102_drn_0002_class0.jpg,0
3598.14_82_Merged_DRN_0003_class0.jpg,0
11477.13_104_drn_final_0013_class2.jpg,2
807.13_96_drn-f_0004_class1.jpg,1
11477.13_104_drn_final_0011_class0.jpg,0
807.13_104_drn_f_0000_class1.jpg,1
807.13_96_drn-f_0000_class0.jpg,0
8886.13_drn_100_final_0007_class0.jpg,0
p2540_98_drn-f_0008_class1.jpg,1
9890.13_64_drn_2_final_0000_class2.jpg,2
3598.14_82_Merged_DRN_0000_class1.jpg,1
4453.13_102_drn_0004_class1.jpg,1
11477.13_104_drn_final_0013_class1.jpg,1
p2540_74_drn_0006_class0.jpg,0
807.13_96_drn-f_0000_class1.jpg,1
3598.14_82_Merged_DRN_0004_class2.jpg,2
p2508_92_drn-f_0016_class0.jpg,0
807.13_80_drn_final_0001_class1.jpg,1
9777.12_162_drn-f_0004_class2.jpg,2
6931.12_80_drn-f_0009_class2.jpg,2
8886.13_drn_final_84_0000_class2.jpg,2
11477.13_104_drn_final_0020_class1.jpg,1
6931.12_72_drn-f_0002_class0.jpg,0
p2540_90_drn-f_0006_class0.jpg,0
807.13_80_drn_final_0000_class1.jpg,1
p2540_90_drn-f_0018_class2.jpg,2
6931.12_72_drn-f_0000_class2.jpg,2
11477.13_104_drn_final_0041_class2.jpg,2
p2540_90_drn-f_0021_class2.jpg,2
11477.13_104_drn_final_0001_class1.jpg,1
6785.13_88_drn_0030_class1.jpg,1
6931.12_72_drn-f_0025_class2.jpg,2
p2540_106_drn-f_0002_class1.jpg,1
3598.14_90_DRN_0000_class1.jpg,1
6785.13_88_drn_0004_class1.jpg,1
6785.13_80_drn_0005_class2.jpg,2
9890.13_56_drn_final_0000_class0.jpg,0
8886.13_drn_100_final_0006_class0.jpg,0
11477.13_104_drn_final_0019_class2.jpg,2
11477.13_96_drn_0002_class2.jpg,2
11477.13_104_drn_final_0022_class2.jpg,2
807.13_88_drn_0000_class1.jpg,1
6785.13_88_drn_0027_class1.jpg,1
9777.12_162_drn-f_0006_class2.jpg,2
p2508_84_drn-f_0005_class2.jpg,2
11477.13_104_drn_final_0052_class1.jpg,1
9777.12_154_drn-f_0005_class0.jpg,0
6931.12_72_drn-f_0001_class1.jpg,1
p2540_98_drn-f_0002_class0.jpg,0
p2540_90_drn-f_0003_class1.jpg,1
p2508_92_drn-f_0002_class1.jpg,1
p2540_74_drn_0004_class0.jpg,0
9777.12_162_drn-f_0007_class2.jpg,2
p2540_98_drn-f_0002_class1.jpg,1
3598.14_90_DRN_0001_class2.jpg,2
p2540_90_drn-f_0000_class0.jpg,0
6785.13_72_drn_0002_class2.jpg,2
6785.13_88_drn_0006_class0.jpg,0
11477.13_104_drn_final_0012_class2.jpg,2
3598.14_82_Merged_DRN_0006_class1.jpg,1
807.13_96_drn-f_0003_class1.jpg,1
11477.13_104_drn_final_0008_class1.jpg,1
11477.13_104_drn_final_0030_class1.jpg,1
p2540_106_drn-f_0006_class1.jpg,1
11477.13_96_drn_0001_class2.jpg,2
p2540_98_drn-f_0009_class0.jpg,0
3598.14_74_Merged_DRN_0005_class1.jpg,1
4453.13_86_drn_0001_class2.jpg,2
p2508_92_drn-f_0005_class0.jpg,0
p2508_92_drn-f_0019_class0.jpg,0
807.13_96_drn-f_0002_class1.jpg,1
11477.13_104_drn_final_0021_class2.jpg,2
6785.13_88_drn_0014_class1.jpg,1
11477.13_104_drn_final_0015_class1.jpg,1
8886.13_drn_100_final_0009_class0.jpg,0
11477.13_104_drn_final_0049_class1.jpg,1
p2540_106_drn-f_0005_class0.jpg,0
9890.13_72_drn_final_0001_class2.jpg,2
6785.13_72_drn_0004_class2.jpg,2
11477.13_96_drn_0011_class2.jpg,2
6931.12_72_drn-f_0004_class0.jpg,0
8886.13_drn_100_final_0024_class1.jpg,1
6785.13_72_drn_0003_class1.jpg,1
3598.14_82_Merged_DRN_0002_class0.jpg,0
6785.13_88_drn_0002_class0.jpg,0
11477.13_104_drn_final_0043_class2.jpg,2
p2508_84_drn-f_0001_class0.jpg,0
6931.12_72_drn-f_0005_class2.jpg,2
3598.14_74_Merged_DRN_0003_class1.jpg,1
4453.13_102_drn_0004_class2.jpg,2
6785.13_88_drn_0002_class2.jpg,2
8886.13_drn_100_final_0003_class2.jpg,2
9777.12_146_drn-f_0002_class0.jpg,0
11477.13_96_drn_0012_class2.jpg,2
11477.13_104_drn_final_0000_class1.jpg,1
11477.13_104_drn_final_0013_class0.jpg,0
9777.12_154_drn-f_0006_class0.jpg,0
p2540_82_drn_0000_class2.jpg,2
11477.13_104_drn_final_0069_class1.jpg,1
8886.13_drn_100_final_0001_class2.jpg,2
p2540_98_drn-f_0005_class0.jpg,0
4453.13_94_drn_0000_class1.jpg,1
4453.13_102_drn_0000_class2.jpg,2
807.13_96_drn-f_0000_class2.jpg,2
8886.13_drn_100_final_0002_class2.jpg,2
11477.13_104_drn_final_0006_class1.jpg,1
9777.12_162_drn-f_0008_class2.jpg,2
p2508_84_drn-f_0000_class0.jpg,0
p2540_106_drn-f_0018_class0.jpg,0
